{
  "format_version": "1.16.100",
  "minecraft:item": {
    "description": {
      "identifier": "tunekeshi:gold_apple_sword",
      "category": "Equipment"
    },
    "components": {
			"minecraft:creative_category": {
				"parent": "itemGroup.name.sword"
			},
      "minecraft:max_stack_size": 1,
      "minecraft:use_duration": 3600,
      "minecraft:hand_equipped": true,
      "minecraft:allow_off_hand": true,
      "minecraft:damageable": {
        "max_damage": 2000
      },
      "minecraft:mining_speed": 1.5,
      "minecraft:damage": 9,
      "minecraft:enchantable": {
        "value": 10,
        "slot": "sword"
      },
      "minecraft:can_destroy_in_creative": false,
			  "minecraft:weapon": {},
      "minecraft:digger": {
        "use_efficiency": false,
        "destroy_speeds": [
          {
            "block": "minecraft:web",
            "speed": 10
          },
          {
            "block": "minecraft:bamboo",
            "speed": 10
          }
        ]
      },
			"minecraft:icon": {
				"texture": "gold_apple_sword"
			},
			"minecraft:render_offsets": "tools",
			"minecraft:display_name": {}
    }
  }
}
