{
  "format_version": "1.16.100",
  "minecraft:item": {
    "description": {
      "identifier": "tunekeshi:gold_apple_pickaxe",
      "category": "Equipment"
    },
    "components": {
			"minecraft:creative_category": {
				"parent": "itemGroup.name.pickaxe"
			},
			"minecraft:weapon": {},
      "minecraft:max_stack_size": 1,
      "minecraft:hand_equipped": true,
      "minecraft:damageable": {
        "max_damage": 2000
      },
      "minecraft:mining_speed": 8,
      "minecraft:damage": 7,
      "minecraft:enchantable": {
        "value": 10,
        "slot": "pickaxe"
      },
      "minecraft:digger": {
        "use_efficiency": true,
        "destroy_speeds": [
          {
            "block": {
              "tags": "q.any_tag('stone', 'metal', 'diamond_pick_diggable')"
            },
            "speed": 10
          },
          {
            "block": "minecraft:ice",
            "speed": 10
          },
          {
            "block": "minecraft:sandstone",
            "speed": 10
          }
        ]
      },
			"minecraft:icon": {
				"texture": "gold_apple_pickaxe"
			},
			"minecraft:render_offsets": "tools",
			"minecraft:display_name": {}
    }
  }
}
