{
"format_version": "1.12",
"minecraft:recipe_shaped": {
"description": {
	"identifier": "minecraft:spawn_dolphin"
	},
"tags": [ "crafting_station" ],
"pattern": [
				"#B#",
				"BXB",
        "#B#"
     ],
	"key": {
		"X": {
			"item": "minecraft:egg"
     },
     "#": {
       "item": "minecraft:fish",
       "data": 0
      },
     "B": {
       "item": "minecraft:bone"
       }
    },

"result": {
		"item": "minecraft:spawn_egg",
    "data": 31,
    "count": 4
		}
	}
}