{
"format_version": "1.12",
"minecraft:recipe_shaped": {
"description": {
	"identifier": "minecraft:spawn_gurdian"
	},
"tags": [ "crafting_station" ],
"pattern": [
				"PFP",
				"FXF",
        "PFP"
     ],
	"key": {
		"X": {
			"item": "minecraft:egg"
		},
     "P": {
       "item": "minecraft:prismarine_crystals"
     },
     "F": {
       "item": "minecraft:fish"
       }
    },

"result": {
		"item": "minecraft:spawn_egg",
    "data": 49,
    "count": 2
		}
	}
}