{
"format_version": "1.12",
"minecraft:recipe_shaped": {
"description": {
	"identifier": "minecraft:spawn_bee"
	},
"tags": [ "crafting_station" ],
"pattern": [
				"CBC",
				"BXB",
        "CBC"
     ],
	"key": {
		"X": {
			"item": "minecraft:egg"
		},
     "B": {
       "item": "minecraft:honey_bottle"
     },
     "C": {
       "item": "minecraft:honeycomb"
       }
    },

"result": [
    { "item": "minecraft:spawn_egg",
       "data": 122,
       "count": 4 },
     { "item": "minecraft:glass_bottle",
       "data": 0,
       "count": 4 }
      ]
	 }
}