{
	"format_version": "1.12.0",
	"minecraft:geometry": [
		{
			"description": {
				"identifier": "geometry.crafting_station",
				"texture_width": 64,
				"texture_height": 64,
				"visible_bounds_width": 2,
				"visible_bounds_height": 2.5,
				"visible_bounds_offset": [0, 0.75, 0]
			},
			"bones": [
				{
					"name": "body",
					"pivot": [0, 0, 0],
					"cubes": [
						{"origin": [-8, 12, -8], "size": [16, 4, 16], "uv": [0, 0]}
					]
				},
				{
					"name": "legs",
					"parent": "body",
					"pivot": [0, 0, 0],
					"cubes": [
						{"origin": [4, 0, -8], "size": [4, 12, 4], "uv": [32, 20]},
						{"origin": [-8, 0, -8], "size": [4, 12, 4], "uv": [0, 36]},
						{"origin": [-8, 0, 4], "size": [4, 12, 4], "uv": [0, 20]},
						{"origin": [4, 0, 4], "size": [4, 12, 4], "uv": [0, 0]}
					]
				}
			]
		}
	]
}