{
  "format_version": "1.16.100",
  "minecraft:item": {
    "description": {
      "identifier": "tunekeshi:cake_shovel",
      "category": "Equipment"
    },
    "components": {
			"minecraft:creative_category": {
				"parent": "itemGroup.name.shovel"
			},
			"minecraft:weapon": {},
      "minecraft:max_stack_size": 1,
      "minecraft:hand_equipped": true,
      "minecraft:damageable": {
        "max_damage": 250
      },
      "minecraft:mining_speed": 1,
      "minecraft:damage": 3.5,
      "minecraft:enchantable": {
        "value": 10,
        "slot": "shovel"
      },
      //"minecraft:use_on": {
      //  "blocks": [
      //    "minecraft:grass",
      //    "minecraft:snow",
      //    "minecraft:snow_layer"
      //  ]
      //},
      "minecraft:digger": {
        "use_efficiency": true,
        "destroy_speeds": [
          {
            "block": {
              "tags": "q.any_tag('dirt', 'sand', 'gravel', 'grass', 'snow')"
            },
            "speed": 7
          }
        ]
      },
      "tag:minecraft:is_shovel": {},
			"minecraft:icon": {
				"texture": "cake_shovel"
			},
			"minecraft:render_offsets": "tools",
			"minecraft:display_name": {}
    }
  }
}
