{
  "format_version": "1.16.100",
  "minecraft:item": {
    "description": {
      "identifier": "tunekeshi:cake_chestplate",
      "category": "Equipment"
    },
    "components": {

			"minecraft:creative_category": {
				"parent": "itemGroup.name.chestplate"
			},
      "minecraft:max_stack_size": 1,
      "minecraft:enchantable": {
        "value": 10,
        "slot": "armor_torso"
      },
      "minecraft:damageable": {
        "max_damage": 240,
        "damage_chance": {
          "min": 60,
          "max": 100
        }
      },
      "minecraft:mining_speed": 8,
      "minecraft:damage": 3,
      "minecraft:armor": {
        "protection": 7
      },
      "minecraft:wearable": {
        "slot": "slot.armor.chest"
      },
			"minecraft:icon": {
				"texture": "cake_chestplate"
			},
			"minecraft:render_offsets": "chestplates",
			"minecraft:display_name": {}
    }
  }
}
