{
  "resource_pack_name": "vanilla",
  "texture_name": "atlas.items",
  "texture_data": {
 "dirt_helmet": {
			"textures": [
				"textures/items/dirt_helmet"
			]
		},
		"dirt_chestplate": {
			"textures": [
				"textures/items/dirt_chestplate"
			]
		},
	"dirt_leggings": {
			"textures": [
				"textures/items/dirt_leggings"
			]
		},
		"dirt_boots": {
			"textures": [
				"textures/items/dirt_boots"
			]
		},
		"dirt_sword": {
			"textures": [
				"textures/items/dirt_sword"
			]
		},	
		"dirt_pickaxe": {
			"textures": [
				"textures/items/dirt_pickaxe"
			]
		},
		"dirt_axe": {
			"textures": [
				"textures/items/dirt_axe"
			]
		},
				"dirt_shovel": {
			"textures": [
				"textures/items/dirt_shovel"
			]
		},
			"dirt_hoe": {
			"textures": [
				"textures/items/dirt_hoe"
			]
		}
   }
}
