{
    "format_version": "1.10.0",
    "animation_controllers": {
        "controller.animation.foodtoolsaddon": {
            "states": {
                "default": {
                    "transitions": [
                        {
                            "cake_axe": "(query.get_equipped_item_name=='cake_axe') && (query.is_sneaking)"
                        },
                        {
                            "cake_pickaxe": "(query.get_equipped_item_name=='cake_pickaxe') && (query.is_sneaking)"
                        },
                        {
                            "gold_apple_axe": "(query.get_equipped_item_name=='gold_apple_axe') && (query.is_sneaking)"
                        },
                        {
                            "gold_apple_pickaxe": "(query.get_equipped_item_name=='gold_apple_pickaxe') && (query.is_sneaking)"
                        }
                    ]
                },
                "cake_axe": {
                    "on_entry": [
                        "/function log"
                    ],
                    "transitions": [
                        {
                            "default": "query.is_sneaking"
                        }
                    ]
                },
                "cake_pickaxe": {
                    "on_entry": [
                        "/function ore",
                        "/function ore2"
                    ],
                    "transitions": [
                        {
                            "default": "query.is_sneaking"
                        }
                    ]
                },
                "gold_apple_axe": {
                    "on_entry": [
                        "/function log"
                    ],
                    "transitions": [
                        {
                            "default": "query.is_sneaking"
                        }
                    ]
                },
                "gold_apple_pickaxe": {
                    "on_entry": [
                        "/function ore",
                        "/function ore2"
                    ],
                    "transitions": [
                        {
                            "default": "query.is_sneaking"
                        }
                    ]
                }
            }
        }
    }
}
