{
    "format_version": "1.12",
    "minecraft:recipe_shaped": {
      "description": {
      "identifier": "minecraft:appleEnchanted"
      },
  
      
      "tags": [ "crafting_station" ],
      "pattern": [
        "###",
        "#X#",
        "###"
      ],
      "key": {
        "#": {
          "item": "minecraft:gold_block"
        },
        "X": {
          "item": "minecraft:apple"
        }
      },
      "result": {
        "item": "minecraft:appleEnchanted",
        "data": 0
      }
    }
  }
  