{
    "format_version": "1.12",
    "minecraft:recipe_shaped": {
      "description": {
      "identifier": "minecraft:crying_obsidian"
      },
  
      
      "tags": [ "crafting_station" ],
      "pattern": [
        "###",
        "XXX",
        "###"
      ],
      "key": {
        "#": {
          "item": "minecraft:ghast_tear"
        },
        "X": {
          "item": "minecraft:obsidian"
        }
      },
      "result": {
        "item": "minecraft:crying_obsidian",
        "count": 3
      }
    }
  }
  