{
    "format_version": "1.12",
    "minecraft:recipe_shaped": {
      "description": {
      "identifier": "minecraft:iron_ore"
      },
  
      
      "tags": [ "crafting_station" ],
      "pattern": [
        "###",
        "#X#",
        "###"
      ],
      "key": {
        "#": {
          "item": "minecraft:iron_ingot",
          "data": 0
        },
        "X": {
          "item": "minecraft:stone"
        }
      },
      "result": {
        "item": "minecraft:iron_ore",
        "count": 8
      }
    }
  }
  