{
    "format_version": "1.12",
    "minecraft:recipe_shaped": {
      "description": {
      "identifier": "minecraft:mob_spawner"
      },
  
      
      "tags": [ "crafting_station" ],
      "pattern": [
        "###",
        "#X#",
        "###"
      ],
      "key": {
        "#": {
          "item": "minecraft:iron_bars"
        },
        "X": {
          "item": "minecraft:egg"
        }
      },
      "result": {
        "item": "minecraft:mob_spawner",
        "count": 4
      }
    }
  }
  