{
  "format_version": "1.16.100",
  "minecraft:item": {
    "description": {
      "identifier": "tunekeshi:beef_axe",
      "category": "Equipment"
    },
    "components": {
			"minecraft:creative_category": {
				"parent": "itemGroup.name.axe"
			},
			"minecraft:weapon": {},
      "minecraft:max_stack_size": 1,
      "minecraft:hand_equipped": true,
      "minecraft:damageable": {
        "max_damage": 250
      },
      "minecraft:mining_speed": 1,
      "minecraft:damage": 5,
      "minecraft:enchantable": {
        "value": 22,
        "slot": "axe"
      },
      //"minecraft:use_on": {
      //  "blocks": [
      //    "log",
      //    "log2",
      //    "wood"
      //  ]
      //},
      "minecraft:digger": {
        "use_efficiency": true,
        "destroy_speeds": [
          {
            "block": {
              "tags": "q.any_tag('wood', 'pumpkin', 'plant')"
            },
            "speed": 6
          },
          {
            "block": "minecraft:chest",
            "speed": 6
          },
          {
            "block": "minecraft:melon_block",
            "speed": 6
          }
        ]
      },
      "tag:minecraft:is_axe": {},
			"minecraft:icon": {
				"texture": "beef_axe"
			},
			"minecraft:render_offsets": "tools",
			"minecraft:display_name": {}
		}
	}
}
