{
  "format_version": "1.16.100",
  "minecraft:item": {
    "description": {
      "identifier": "tunekeshi:beef_pickaxe",
      "category": "Equipment"
    },
    "components": {
			"minecraft:creative_category": {
				"parent": "itemGroup.name.pickaxe"
			},
			"minecraft:weapon": {},
      "minecraft:max_stack_size": 1,
      "minecraft:hand_equipped": true,
      "minecraft:damageable": {
        "max_damage": 250
      },
      "minecraft:mining_speed": 8,
      "minecraft:damage": 4,
      "minecraft:enchantable": {
        "value": 10,
        "slot": "pickaxe"
      },
      "minecraft:digger": {
        "use_efficiency": true,
        "destroy_speeds": [
          {
            "block": {
              "tags": "q.any_tag('stone', 'metal', 'iron_pick_diggable')"
            },
            "speed": 6
          },
          {
            "block": "minecraft:ice",
            "speed": 6
          },
          {
            "block": "minecraft:sandstone",
            "speed": 6
          }
        ]
      },
			"minecraft:icon": {
				"texture": "beef_pickaxe"
			},
			"minecraft:render_offsets": "tools",
			"minecraft:display_name": {}
    }
  }
}
