{
	"format_version": "1.8.0",
	"minecraft:attachable": {
		"description": {
			"identifier": "tunekeshi:cake_helmet",
			"materials": {
				"default": "armor",
				"enchanted": "armor_enchanted"
			},
			"textures": {
				"default": "textures/models/armor/cake_1",
				"enchanted": "textures/misc/enchanted_item_glint"
			},
			"geometry": {
				"default": "geometry.humanoid.armor.helmet"
			},
			"scripts": {
				"parent_setup": "variable.helmet_layer_visible = 0.0;"
			},
			"render_controllers": [
				"controller.render.armor"
			]
		}
	}
}
