{
  "format_version": "1.16.100",
  "minecraft:item": {
    "description": {
      "identifier": "tunekeshi:pumpkin_hoe",
      "category": "Equipment"
    },
    "components": {
			"minecraft:creative_category": {
				"parent": "itemGroup.name.hoe"
			},
			"minecraft:weapon": {},
      "minecraft:max_stack_size": 1,
      "minecraft:hand_equipped": true,
      "minecraft:damageable": {
        "max_damage": 200
      },
      "minecraft:mining_speed": 12,
      "minecraft:damage": 0,
      "minecraft:enchantable": {
        "value": 10,
        "slot": "hoe"
      },
      "minecraft:use_on": {
        "blocks": [
          "grass",
          "dirt",
          "grass_path"
        ]
      },
      "tag:minecraft:is_hoe": {},
			"minecraft:icon": {
				"texture": "pumpkin_hoe"
			},
			"minecraft:render_offsets": "tools",
			"minecraft:display_name": {}
    }
  }
}
